-- phpMyAdmin SQL Dump
-- version 4.6.6deb5
-- https://www.phpmyadmin.net/
--
-- Host: localhost:3306
-- Generation Time: Mar 03, 2019 at 08:19 PM
-- Server version: 5.7.25-0ubuntu0.18.04.2
-- PHP Version: 7.2.15-0ubuntu0.18.04.1

SET SQL_MODE = "NO_AUTO_VALUE_ON_ZERO";
SET time_zone = "+00:00";


/*!40101 SET @OLD_CHARACTER_SET_CLIENT=@@CHARACTER_SET_CLIENT */;
/*!40101 SET @OLD_CHARACTER_SET_RESULTS=@@CHARACTER_SET_RESULTS */;
/*!40101 SET @OLD_COLLATION_CONNECTION=@@COLLATION_CONNECTION */;
/*!40101 SET NAMES utf8mb4 */;

--
-- Database: `waste_manage`
--

-- --------------------------------------------------------

--
-- Table structure for table `bin_master`
--

CREATE TABLE `bin_master` (
  `bin_id` varchar(35) NOT NULL,
  `bin_location_name` varchar(50) NOT NULL,
  `description` text NOT NULL,
  `created_by` int(11) NOT NULL,
  `created_on` datetime NOT NULL,
  `latitude` varchar(20) DEFAULT NULL,
  `longitude` varchar(20) DEFAULT NULL
) ENGINE=InnoDB DEFAULT CHARSET=latin1;

--
-- Dumping data for table `bin_master`
--

INSERT INTO `bin_master` (`bin_id`, `bin_location_name`, `description`, `created_by`, `created_on`, `latitude`, `longitude`) VALUES
('OD001', 'KharavelaNagar', 'KharavelaNagar	first bin', 1, '2018-07-22 02:38:19', '20.2728', '85.8409'),
('OD004', 'VaniVihar', 'VaniVihar first bin', 1, '2018-07-22 02:19:32', '20.3040', '85.8397'),
('OD007', 'SatyaNagar', 'SatyaNagar first bin', 1, '2018-07-22 02:55:42', '20.2804', '85.8499'),
('OD012', 'Nayapalli', 'Nayapalli first bin', 1, '2018-07-22 02:35:34', '20.2899', '85.8102'),
('OD013', 'JaydevVihar', 'JaydevVihar first bin', 1, '2018-07-22 02:31:04', '20.299', '85.8173'),
('OD021', 'SailashreeVihar', 'SailashreeVihar first bin', 1, '2018-07-21 23:27:06', '20.3329', '85.8070'),
('OD022', 'AcharyaVihar', 'AcharyaVihar first bin', 1, '2018-07-22 02:28:41', '20.2948', '85.8294'),
('OD024', 'Patia', 'Patia first bin', 1, '2018-07-21 23:37:30', '20.3619', '85.8310');

-- --------------------------------------------------------

--
-- Table structure for table `bin_sensor_data`
--

CREATE TABLE `bin_sensor_data` (
  `id` bigint(20) NOT NULL,
  `fk_bin_id` varchar(35) NOT NULL,
  `is_bin_present` tinyint(4) NOT NULL DEFAULT '1' COMMENT '1 - bin present at the location, 0 - bin missing',
  `latitude` varchar(20) DEFAULT NULL,
  `longitude` varchar(20) DEFAULT NULL,
  `bin_level` int(10) NOT NULL,
  `created_time` datetime NOT NULL
) ENGINE=InnoDB DEFAULT CHARSET=latin1;

--
-- Dumping data for table `bin_sensor_data`
--

INSERT INTO `bin_sensor_data` (`id`, `fk_bin_id`, `is_bin_present`, `latitude`, `longitude`, `bin_level`, `created_time`) VALUES
(988, 'OD004', 1, '20.3040', '85.8397', 40, '2018-07-23 13:34:46'),
(989, 'OD007', 1, '20.2804', '85.8499', 21, '2018-07-23 13:34:46'),
(990, 'OD012', 1, '20.2899', '85.8102', 58, '2018-07-23 13:34:46'),
(991, 'OD013', 1, '20.2990', '85.8173', 37, '2018-07-23 13:34:47'),
(992, 'OD004', 1, '20.3040', '85.8397', 37, '2018-07-23 13:35:07'),
(993, 'OD007', 1, '20.2804', '85.8499', 0, '2018-07-23 13:35:08'),
(994, 'OD012', 1, '20.2899', '85.8102', 56, '2018-07-23 13:35:08'),
(995, 'OD013', 1, '20.2990', '85.8173', 31, '2018-07-23 13:35:08'),
(996, 'OD004', 0, '20.3040', '85.8397', 0, '2018-07-23 13:35:28'),
(997, 'OD007', 1, '20.2804', '85.8499', 0, '2018-07-23 13:35:29'),
(998, 'OD012', 1, '20.2899', '85.8102', 56, '2018-07-23 13:35:29'),
(999, 'OD013', 1, '20.2990', '85.8173', 31, '2018-07-23 13:35:29'),
(1000, 'OD004', 0, '20.3040', '85.8397', 0, '2018-07-23 13:35:49'),
(1001, 'OD007', 1, '20.2804', '85.8499', 0, '2018-07-23 13:35:50'),
(1002, 'OD012', 1, '20.2899', '85.8102', 43, '2018-07-23 13:35:50'),
(1003, 'OD013', 1, '20.2990', '85.8173', 33, '2018-07-23 13:35:50'),
(1004, 'OD004', 0, '20.3040', '85.8397', 0, '2018-07-23 13:36:11'),
(1005, 'OD007', 1, '20.2804', '85.8499', 0, '2018-07-23 13:36:11'),
(1006, 'OD012', 1, '20.2899', '85.8102', 55, '2018-07-23 13:36:11'),
(1007, 'OD013', 1, '20.2990', '85.8173', 17, '2018-07-23 13:36:11'),
(1008, 'OD004', 0, '20.3040', '85.8397', 0, '2018-07-23 13:36:32'),
(1009, 'OD007', 1, '20.2804', '85.8499', 0, '2018-07-23 13:36:32'),
(1010, 'OD012', 1, '20.2899', '85.8102', 54, '2018-07-23 13:36:32'),
(1011, 'OD013', 1, '20.2990', '85.8173', 30, '2018-07-23 13:36:32'),
(1012, 'OD004', 0, '20.3040', '85.8397', 0, '2018-07-23 13:36:53'),
(1013, 'OD007', 1, '20.2804', '85.8499', 0, '2018-07-23 13:36:53'),
(1014, 'OD012', 1, '20.2899', '85.8102', 0, '2018-07-23 13:36:53'),
(1015, 'OD013', 1, '20.2990', '85.8173', 33, '2018-07-23 13:36:53'),
(1016, 'OD004', 0, '20.3040', '85.8397', 0, '2018-07-23 13:37:14'),
(1017, 'OD007', 1, '20.2804', '85.8499', 0, '2018-07-23 13:37:14'),
(1018, 'OD012', 1, '20.2899', '85.8102', 57, '2018-07-23 13:37:14'),
(1019, 'OD013', 1, '20.2990', '85.8173', 32, '2018-07-23 13:37:14'),
(1020, 'OD004', 0, '20.3040', '85.8397', 0, '2018-07-23 13:37:35'),
(1021, 'OD007', 1, '20.2804', '85.8499', 0, '2018-07-23 13:37:35'),
(1022, 'OD012', 1, '20.2899', '85.8102', 85, '2018-07-23 13:37:35'),
(1023, 'OD013', 1, '20.2990', '85.8173', 30, '2018-07-23 13:37:35'),
(1024, 'OD004', 1, '20.3040', '85.8397', 75, '2018-07-23 15:58:20'),
(1025, 'OD007', 1, '20.2804', '85.8499', 64, '2018-07-23 15:58:21'),
(1026, 'OD012', 1, '20.2899', '85.8102', 76, '2018-07-23 15:58:21'),
(1027, 'OD013', 1, '20.2990', '85.8173', 53, '2018-07-23 15:58:21'),
(1028, 'OD004', 1, '20.3040', '85.8397', 29, '2018-07-23 15:58:42'),
(1029, 'OD007', 1, '20.2804', '85.8499', 24, '2018-07-23 15:58:42'),
(1030, 'OD012', 1, '20.2899', '85.8102', 0, '2018-07-23 15:58:42'),
(1031, 'OD013', 1, '20.2990', '85.8173', 30, '2018-07-23 15:58:42'),
(1032, 'OD004', 0, '20.3040', '85.8397', 0, '2018-07-23 15:59:03'),
(1033, 'OD007', 1, '20.2804', '85.8499', 24, '2018-07-23 15:59:03'),
(1034, 'OD012', 1, '20.2899', '85.8102', 23, '2018-07-23 15:59:03'),
(1035, 'OD013', 1, '20.2990', '85.8173', 38, '2018-07-23 15:59:03'),
(1036, 'OD004', 1, '20.3040', '85.8397', 32, '2018-07-23 15:59:24'),
(1037, 'OD007', 1, '20.2804', '85.8499', 24, '2018-07-23 15:59:24'),
(1038, 'OD012', 1, '20.2899', '85.8102', 38, '2018-07-23 15:59:24'),
(1039, 'OD013', 1, '20.2990', '85.8173', 38, '2018-07-23 15:59:24'),
(1040, 'OD004', 1, '20.3040', '85.8397', 28, '2018-07-23 15:59:45'),
(1041, 'OD007', 1, '20.2804', '85.8499', 25, '2018-07-23 15:59:45'),
(1042, 'OD012', 1, '20.2899', '85.8102', 39, '2018-07-23 15:59:45'),
(1043, 'OD013', 1, '20.2990', '85.8173', 25, '2018-07-23 15:59:46'),
(1044, 'OD004', 1, '20.3040', '85.8397', 33, '2018-07-23 16:00:06'),
(1045, 'OD007', 1, '20.2804', '85.8499', 24, '2018-07-23 16:00:06'),
(1046, 'OD012', 1, '20.2899', '85.8102', 0, '2018-07-23 16:00:07'),
(1047, 'OD013', 1, '20.2990', '85.8173', 29, '2018-07-23 16:00:07'),
(1048, 'OD004', 1, '20.3040', '85.8397', 29, '2018-07-23 16:00:27'),
(1049, 'OD007', 1, '20.2804', '85.8499', 29, '2018-07-23 16:00:27'),
(1050, 'OD012', 1, '20.2899', '85.8102', 0, '2018-07-23 16:00:28'),
(1051, 'OD013', 1, '20.2990', '85.8173', 35, '2018-07-23 16:00:28'),
(1052, 'OD004', 1, '20.3040', '85.8397', 24, '2018-07-23 16:00:48'),
(1053, 'OD007', 1, '20.2804', '85.8499', 26, '2018-07-23 16:00:49'),
(1054, 'OD012', 1, '20.2899', '85.8102', 65, '2018-07-23 16:00:49'),
(1055, 'OD013', 1, '20.2990', '85.8173', 32, '2018-07-23 16:00:49'),
(1056, 'OD004', 1, '20.3040', '85.8397', 29, '2018-07-23 16:01:09'),
(1057, 'OD007', 1, '20.2804', '85.8499', 23, '2018-07-23 16:01:10'),
(1058, 'OD012', 1, '20.2899', '85.8102', 69, '2018-07-23 16:01:10'),
(1059, 'OD013', 1, '20.2990', '85.8173', 30, '2018-07-23 16:01:10'),
(1060, 'OD004', 1, '20.3040', '85.8397', 31, '2018-07-23 16:01:30'),
(1061, 'OD007', 1, '20.2804', '85.8499', 29, '2018-07-23 16:01:31'),
(1062, 'OD012', 1, '20.2899', '85.8102', 70, '2018-07-23 16:01:31'),
(1063, 'OD013', 1, '20.2990', '85.8173', 34, '2018-07-23 16:01:31'),
(1064, 'OD004', 1, '20.3040', '85.8397', 32, '2018-07-23 16:01:52'),
(1065, 'OD007', 1, '20.2804', '85.8499', 29, '2018-07-23 16:01:52'),
(1066, 'OD012', 1, '20.2899', '85.8102', 64, '2018-07-23 16:01:52'),
(1067, 'OD013', 1, '20.2990', '85.8173', 0, '2018-07-23 16:01:52'),
(1068, 'OD004', 1, '20.3040', '85.8397', 32, '2018-07-23 16:02:13'),
(1069, 'OD007', 1, '20.2804', '85.8499', 31, '2018-07-23 16:02:13'),
(1070, 'OD012', 1, '20.2899', '85.8102', 63, '2018-07-23 16:02:13'),
(1071, 'OD013', 1, '20.2990', '85.8173', 0, '2018-07-23 16:02:13'),
(1072, 'OD004', 0, '20.3040', '85.8397', 0, '2018-07-23 16:02:34'),
(1073, 'OD007', 1, '20.2804', '85.8499', 14, '2018-07-23 16:02:34'),
(1074, 'OD012', 1, '20.2899', '85.8102', 66, '2018-07-23 16:02:34'),
(1075, 'OD013', 1, '20.2990', '85.8173', 38, '2018-07-23 16:02:34'),
(1076, 'OD004', 0, '20.3040', '85.8397', 0, '2018-07-23 16:02:55'),
(1077, 'OD007', 1, '20.2804', '85.8499', 13, '2018-07-23 16:02:55'),
(1078, 'OD012', 1, '20.2899', '85.8102', 66, '2018-07-23 16:02:55'),
(1079, 'OD013', 1, '20.2990', '85.8173', 38, '2018-07-23 16:02:55'),
(1080, 'OD004', 1, '20.3040', '85.8397', 67, '2018-07-23 16:03:16'),
(1081, 'OD007', 1, '20.2804', '85.8499', 13, '2018-07-23 16:03:16'),
(1082, 'OD012', 1, '20.2899', '85.8102', 62, '2018-07-23 16:03:16'),
(1083, 'OD013', 1, '20.2990', '85.8173', 39, '2018-07-23 16:03:16'),
(1084, 'OD004', 1, '20.3040', '85.8397', 63, '2018-07-23 16:03:37'),
(1085, 'OD007', 1, '20.2804', '85.8499', 19, '2018-07-23 16:03:37'),
(1086, 'OD012', 1, '20.2899', '85.8102', 63, '2018-07-23 16:03:37'),
(1087, 'OD013', 1, '20.2990', '85.8173', 38, '2018-07-23 16:03:38'),
(1088, 'OD004', 1, '20.3040', '85.8397', 40, '2018-07-23 16:03:58'),
(1089, 'OD007', 1, '20.2804', '85.8499', 13, '2018-07-23 16:03:58'),
(1090, 'OD012', 1, '20.2899', '85.8102', 63, '2018-07-23 16:03:58'),
(1091, 'OD013', 1, '20.2990', '85.8173', 37, '2018-07-23 16:03:59'),
(1092, 'OD004', 1, '20.3040', '85.8397', 66, '2018-07-24 14:39:25'),
(1093, 'OD007', 1, '20.2804', '85.8499', 40, '2018-07-24 14:39:25'),
(1094, 'OD012', 1, '20.2899', '85.8102', 55, '2018-07-24 14:39:25'),
(1095, 'OD013', 1, '20.2990', '85.8173', 73, '2018-07-24 14:39:25'),
(1096, 'OD004', 1, '20.3040', '85.8397', 7, '2018-07-24 14:39:46'),
(1097, 'OD007', 1, '20.2804', '85.8499', 27, '2018-07-24 14:39:46'),
(1098, 'OD012', 1, '20.2899', '85.8102', 51, '2018-07-24 14:39:47'),
(1099, 'OD013', 1, '20.2990', '85.8173', 59, '2018-07-24 14:39:47'),
(1100, 'OD004', 0, '20.3040', '85.8397', 0, '2018-07-24 14:40:07'),
(1101, 'OD007', 1, '20.2804', '85.8499', 30, '2018-07-24 14:40:07'),
(1102, 'OD012', 1, '20.2899', '85.8102', 51, '2018-07-24 14:40:08'),
(1103, 'OD013', 1, '20.2990', '85.8173', 30, '2018-07-24 14:40:08'),
(1104, 'OD004', 1, '20.3040', '85.8397', 68, '2018-07-24 14:40:28'),
(1105, 'OD007', 1, '20.2804', '85.8499', 30, '2018-07-24 14:40:28'),
(1106, 'OD012', 1, '20.2899', '85.8102', 54, '2018-07-24 14:40:29'),
(1107, 'OD013', 1, '20.2990', '85.8173', 18, '2018-07-24 14:40:29'),
(1108, 'OD004', 1, '20.3040', '85.8397', 62, '2018-07-24 14:40:49'),
(1109, 'OD007', 1, '20.2804', '85.8499', 30, '2018-07-24 14:40:50'),
(1110, 'OD012', 1, '20.2899', '85.8102', 65, '2018-07-24 14:40:50'),
(1111, 'OD013', 1, '20.2990', '85.8173', 22, '2018-07-24 14:40:50'),
(1112, 'OD004', 1, '20.3040', '85.8397', 66, '2018-07-24 14:41:11'),
(1113, 'OD007', 1, '20.2804', '85.8499', 27, '2018-07-24 14:41:11'),
(1114, 'OD012', 1, '20.2899', '85.8102', 25, '2018-07-24 14:41:11'),
(1115, 'OD013', 1, '20.2990', '85.8173', 20, '2018-07-24 14:41:11'),
(1116, 'OD004', 1, '20.3040', '85.8397', 65, '2018-07-24 14:41:32'),
(1117, 'OD007', 1, '20.2804', '85.8499', 31, '2018-07-24 14:41:32'),
(1118, 'OD012', 1, '20.2899', '85.8102', 40, '2018-07-24 14:41:32'),
(1119, 'OD013', 1, '20.2990', '85.8173', 6, '2018-07-24 14:41:32'),
(1120, 'OD004', 1, '20.3040', '85.8397', 64, '2018-07-24 14:41:53'),
(1121, 'OD007', 1, '20.2804', '85.8499', 26, '2018-07-24 14:41:53'),
(1122, 'OD012', 1, '20.2899', '85.8102', 31, '2018-07-24 14:41:53'),
(1123, 'OD013', 1, '20.2990', '85.8173', 27, '2018-07-24 14:41:54'),
(1124, 'OD004', 1, '20.3040', '85.8397', 66, '2018-07-24 14:42:14'),
(1125, 'OD007', 1, '20.2804', '85.8499', 29, '2018-07-24 14:42:14'),
(1126, 'OD012', 1, '20.2899', '85.8102', 37, '2018-07-24 14:42:14'),
(1127, 'OD013', 1, '20.2990', '85.8173', 8, '2018-07-24 14:42:15'),
(1128, 'OD004', 1, '20.3040', '85.8397', 62, '2018-07-24 14:42:35'),
(1129, 'OD007', 1, '20.2804', '85.8499', 25, '2018-07-24 14:42:35'),
(1130, 'OD012', 1, '20.2899', '85.8102', 35, '2018-07-24 14:42:36'),
(1131, 'OD013', 1, '20.2990', '85.8173', 27, '2018-07-24 14:42:36'),
(1132, 'OD004', 1, '20.3040', '85.8397', 63, '2018-07-24 14:42:56'),
(1133, 'OD007', 1, '20.2804', '85.8499', 22, '2018-07-24 14:42:57'),
(1134, 'OD012', 1, '20.2899', '85.8102', 31, '2018-07-24 14:42:57'),
(1135, 'OD013', 1, '20.2990', '85.8173', 12, '2018-07-24 14:42:57'),
(1136, 'OD004', 1, '20.3040', '85.8397', 64, '2018-07-24 14:43:17'),
(1137, 'OD007', 1, '20.2804', '85.8499', 30, '2018-07-24 14:43:18'),
(1138, 'OD012', 1, '20.2899', '85.8102', 45, '2018-07-24 14:43:18'),
(1139, 'OD013', 1, '20.2990', '85.8173', 20, '2018-07-24 14:43:18'),
(1140, 'OD004', 1, '20.3040', '85.8397', 64, '2018-07-24 14:43:39'),
(1141, 'OD007', 1, '20.2804', '85.8499', 0, '2018-07-24 14:43:39'),
(1142, 'OD012', 1, '20.2899', '85.8102', 47, '2018-07-24 14:43:39'),
(1143, 'OD013', 1, '20.2990', '85.8173', 13, '2018-07-24 14:43:39'),
(1144, 'OD004', 1, '20.3040', '85.8397', 64, '2018-07-24 14:44:00'),
(1145, 'OD007', 1, '20.2804', '85.8499', 31, '2018-07-24 14:44:00'),
(1146, 'OD012', 1, '20.2899', '85.8102', 42, '2018-07-24 14:44:00'),
(1147, 'OD013', 1, '20.2990', '85.8173', 6, '2018-07-24 14:44:00'),
(1148, 'OD004', 1, '20.3040', '85.8397', 64, '2018-07-24 14:44:21'),
(1149, 'OD007', 1, '20.2804', '85.8499', 28, '2018-07-24 14:44:21'),
(1150, 'OD012', 1, '20.2899', '85.8102', 39, '2018-07-24 14:44:21'),
(1151, 'OD013', 1, '20.2990', '85.8173', 20, '2018-07-24 14:44:21'),
(1152, 'OD004', 1, '20.3040', '85.8397', 64, '2018-07-24 14:44:42'),
(1153, 'OD007', 1, '20.2804', '85.8499', 30, '2018-07-24 14:44:42'),
(1154, 'OD012', 1, '20.2899', '85.8102', 33, '2018-07-24 14:44:42'),
(1155, 'OD013', 1, '20.2990', '85.8173', 14, '2018-07-24 14:44:42'),
(1156, 'OD004', 1, '20.3040', '85.8397', 63, '2018-07-24 14:45:03'),
(1157, 'OD007', 1, '20.2804', '85.8499', 32, '2018-07-24 14:45:03'),
(1158, 'OD012', 1, '20.2899', '85.8102', 37, '2018-07-24 14:45:03'),
(1159, 'OD013', 1, '20.2990', '85.8173', 17, '2018-07-24 14:45:03'),
(1160, 'OD004', 1, '20.3040', '85.8397', 34, '2018-07-24 14:45:24'),
(1161, 'OD007', 1, '20.2804', '85.8499', 29, '2018-07-24 14:45:24'),
(1162, 'OD012', 1, '20.2899', '85.8102', 34, '2018-07-24 14:45:24'),
(1163, 'OD013', 1, '20.2990', '85.8173', 0, '2018-07-24 14:45:25'),
(1164, 'OD004', 1, '20.3040', '85.8397', 18, '2018-07-24 14:45:45'),
(1165, 'OD007', 1, '20.2804', '85.8499', 29, '2018-07-24 14:45:45'),
(1166, 'OD012', 1, '20.2899', '85.8102', 33, '2018-07-24 14:45:46'),
(1167, 'OD013', 1, '20.2990', '85.8173', 10, '2018-07-24 14:45:46'),
(1168, 'OD004', 1, '20.3040', '85.8397', 16, '2018-07-24 14:46:06'),
(1169, 'OD007', 1, '20.2804', '85.8499', 15, '2018-07-24 14:46:07'),
(1170, 'OD012', 1, '20.2899', '85.8102', 34, '2018-07-24 14:46:07'),
(1171, 'OD013', 1, '20.2990', '85.8173', 9, '2018-07-24 14:46:07'),
(1172, 'OD004', 1, '20.3040', '85.8397', 13, '2018-07-24 14:46:27'),
(1173, 'OD007', 1, '20.2804', '85.8499', 27, '2018-07-24 14:46:28'),
(1174, 'OD012', 1, '20.2899', '85.8102', 48, '2018-07-24 14:46:28'),
(1175, 'OD013', 1, '20.2990', '85.8173', 6, '2018-07-24 14:46:28'),
(1176, 'OD004', 1, '20.3040', '85.8397', 0, '2018-07-24 14:46:49'),
(1177, 'OD007', 1, '20.2804', '85.8499', 27, '2018-07-24 14:46:49'),
(1178, 'OD012', 1, '20.2899', '85.8102', 22, '2018-07-24 14:46:49'),
(1179, 'OD013', 1, '20.2990', '85.8173', 0, '2018-07-24 14:46:49'),
(1180, 'OD004', 1, '20.3040', '85.8397', 0, '2018-07-24 14:47:10'),
(1181, 'OD007', 1, '20.2804', '85.8499', 29, '2018-07-24 14:47:10'),
(1182, 'OD012', 1, '20.2899', '85.8102', 55, '2018-07-24 14:47:10'),
(1183, 'OD013', 1, '20.2990', '85.8173', 6, '2018-07-24 14:47:11'),
(1184, 'OD004', 1, '20.3040', '85.8397', 83, '2018-08-22 13:24:31'),
(1185, 'OD007', 1, '20.2804', '85.8499', 47, '2018-08-22 13:24:32'),
(1186, 'OD012', 1, '20.2899', '85.8102', 73, '2018-08-22 13:24:32'),
(1187, 'OD013', 1, '20.2990', '85.8173', 71, '2018-08-22 13:24:32'),
(1188, 'OD004', 1, '20.3040', '85.8397', 73, '2018-08-22 13:24:53'),
(1189, 'OD007', 1, '20.2804', '85.8499', 32, '2018-08-22 13:24:53'),
(1190, 'OD012', 1, '20.2899', '85.8102', 55, '2018-08-22 13:24:53'),
(1191, 'OD013', 1, '20.2990', '85.8173', 0, '2018-08-22 13:24:53'),
(1192, 'OD004', 0, '20.3040', '85.8397', 0, '2018-08-22 13:25:14'),
(1193, 'OD007', 1, '20.2804', '85.8499', 33, '2018-08-22 13:25:14'),
(1194, 'OD012', 1, '20.2899', '85.8102', 54, '2018-08-22 13:25:14'),
(1195, 'OD013', 1, '20.2990', '85.8173', 0, '2018-08-22 13:25:15'),
(1196, 'OD004', 0, '20.3040', '85.8397', 0, '2018-08-22 13:25:35'),
(1197, 'OD007', 1, '20.2804', '85.8499', 32, '2018-08-22 13:25:35'),
(1198, 'OD012', 1, '20.2899', '85.8102', 55, '2018-08-22 13:25:35'),
(1199, 'OD013', 1, '20.2990', '85.8173', 0, '2018-08-22 13:25:36'),
(1200, 'OD004', 0, '20.3040', '85.8397', 0, '2018-08-22 13:25:56'),
(1201, 'OD007', 1, '20.2804', '85.8499', 33, '2018-08-22 13:25:56'),
(1202, 'OD012', 1, '20.2899', '85.8102', 56, '2018-08-22 13:25:56'),
(1203, 'OD013', 1, '20.2990', '85.8173', 0, '2018-08-22 13:25:57'),
(1204, 'OD004', 0, '20.3040', '85.8397', 0, '2018-08-22 13:26:17'),
(1205, 'OD007', 1, '20.2804', '85.8499', 33, '2018-08-22 13:26:17'),
(1206, 'OD012', 1, '20.2899', '85.8102', 57, '2018-08-22 13:26:18'),
(1207, 'OD013', 1, '20.2990', '85.8173', 0, '2018-08-22 13:26:18'),
(1208, 'OD004', 0, '20.3040', '85.8397', 0, '2018-08-22 13:26:38'),
(1209, 'OD007', 1, '20.2804', '85.8499', 33, '2018-08-22 13:26:39'),
(1210, 'OD012', 1, '20.2899', '85.8102', 53, '2018-08-22 13:26:39'),
(1211, 'OD013', 1, '20.2990', '85.8173', 0, '2018-08-22 13:26:39'),
(1212, 'OD004', 0, '20.3040', '85.8397', 0, '2018-08-22 13:26:59'),
(1213, 'OD007', 1, '20.2804', '85.8499', 31, '2018-08-22 13:27:00'),
(1214, 'OD012', 1, '20.2899', '85.8102', 55, '2018-08-22 13:27:00'),
(1215, 'OD013', 1, '20.2990', '85.8173', 0, '2018-08-22 13:27:00'),
(1216, 'OD004', 0, '20.3040', '85.8397', 0, '2018-08-22 13:27:21'),
(1217, 'OD007', 1, '20.2804', '85.8499', 34, '2018-08-22 13:27:21'),
(1218, 'OD012', 1, '20.2899', '85.8102', 37, '2018-08-22 13:27:21'),
(1219, 'OD013', 1, '20.2990', '85.8173', 0, '2018-08-22 13:27:21'),
(1220, 'OD004', 0, '20.3040', '85.8397', 0, '2018-08-22 13:27:42'),
(1221, 'OD007', 1, '20.2804', '85.8499', 31, '2018-08-22 13:27:42'),
(1222, 'OD012', 1, '20.2899', '85.8102', 11, '2018-08-22 13:27:42'),
(1223, 'OD013', 1, '20.2990', '85.8173', 5, '2018-08-22 13:27:42'),
(1224, 'OD004', 0, '20.3040', '85.8397', 0, '2018-08-22 13:28:03'),
(1225, 'OD007', 1, '20.2804', '85.8499', 38, '2018-08-22 13:28:03'),
(1226, 'OD012', 1, '20.2899', '85.8102', 13, '2018-08-22 13:28:03'),
(1227, 'OD013', 1, '20.2990', '85.8173', 0, '2018-08-22 13:28:04'),
(1228, 'OD004', 1, '20.3040', '85.8397', 37, '2018-08-22 13:28:24'),
(1229, 'OD007', 1, '20.2804', '85.8499', 32, '2018-08-22 13:28:24'),
(1230, 'OD012', 1, '20.2899', '85.8102', 12, '2018-08-22 13:28:24'),
(1231, 'OD013', 1, '20.2990', '85.8173', 51, '2018-08-22 13:28:25'),
(1232, 'OD004', 1, '20.3040', '85.8397', 39, '2018-08-22 13:28:45'),
(1233, 'OD007', 1, '20.2804', '85.8499', 35, '2018-08-22 13:28:45'),
(1234, 'OD012', 1, '20.2899', '85.8102', 14, '2018-08-22 13:28:46'),
(1235, 'OD013', 1, '20.2990', '85.8173', 56, '2018-08-22 13:28:46'),
(1236, 'OD004', 1, '20.3040', '85.8397', 40, '2018-08-22 13:29:06'),
(1237, 'OD007', 1, '20.2804', '85.8499', 39, '2018-08-22 13:29:06'),
(1238, 'OD012', 1, '20.2899', '85.8102', 8, '2018-08-22 13:29:07'),
(1239, 'OD013', 1, '20.2990', '85.8173', 61, '2018-08-22 13:29:07'),
(1240, 'OD004', 1, '20.3040', '85.8397', 41, '2018-08-22 13:29:27'),
(1241, 'OD007', 1, '20.2804', '85.8499', 34, '2018-08-22 13:29:28'),
(1242, 'OD012', 1, '20.2899', '85.8102', 15, '2018-08-22 13:29:28'),
(1243, 'OD013', 1, '20.2990', '85.8173', 62, '2018-08-22 13:29:28'),
(1244, 'OD004', 1, '20.3040', '85.8397', 38, '2018-08-22 13:29:49'),
(1245, 'OD007', 1, '20.2804', '85.8499', 31, '2018-08-22 13:29:49'),
(1246, 'OD012', 1, '20.2899', '85.8102', 13, '2018-08-22 13:29:49'),
(1247, 'OD013', 1, '20.2990', '85.8173', 62, '2018-08-22 13:29:49'),
(1248, 'OD004', 1, '20.3040', '85.8397', 38, '2018-08-22 13:30:10'),
(1249, 'OD007', 1, '20.2804', '85.8499', 34, '2018-08-22 13:30:10'),
(1250, 'OD012', 1, '20.2899', '85.8102', 14, '2018-08-22 13:30:10'),
(1251, 'OD013', 1, '20.2990', '85.8173', 63, '2018-08-22 13:30:10');

-- --------------------------------------------------------

--
-- Table structure for table `role`
--

CREATE TABLE `role` (
  `id` int(11) NOT NULL,
  `role` varchar(30) NOT NULL
) ENGINE=InnoDB DEFAULT CHARSET=latin1;

--
-- Dumping data for table `role`
--

INSERT INTO `role` (`id`, `role`) VALUES
(1, 'ADMIN'),
(2, 'MANAGER');

-- --------------------------------------------------------

--
-- Table structure for table `users`
--

CREATE TABLE `users` (
  `id` int(11) NOT NULL,
  `email` varchar(50) NOT NULL,
  `password` varchar(50) NOT NULL,
  `phone` bigint(20) NOT NULL,
  `full_name` varchar(50) NOT NULL,
  `role` int(11) NOT NULL,
  `last_login` datetime NOT NULL
) ENGINE=InnoDB DEFAULT CHARSET=latin1;

--
-- Dumping data for table `users`
--

INSERT INTO `users` (`id`, `email`, `password`, `phone`, `full_name`, `role`, `last_login`) VALUES
(1, 'shubhajitdas121@gmail.com', '1235', 8280144660, 'Shubhajit Das', 1, '2018-07-14 00:00:00');

--
-- Indexes for dumped tables
--

--
-- Indexes for table `bin_master`
--
ALTER TABLE `bin_master`
  ADD PRIMARY KEY (`bin_id`);

--
-- Indexes for table `bin_sensor_data`
--
ALTER TABLE `bin_sensor_data`
  ADD PRIMARY KEY (`id`);

--
-- Indexes for table `role`
--
ALTER TABLE `role`
  ADD PRIMARY KEY (`id`);

--
-- Indexes for table `users`
--
ALTER TABLE `users`
  ADD PRIMARY KEY (`id`),
  ADD UNIQUE KEY `email id` (`email`);

--
-- AUTO_INCREMENT for dumped tables
--

--
-- AUTO_INCREMENT for table `bin_sensor_data`
--
ALTER TABLE `bin_sensor_data`
  MODIFY `id` bigint(20) NOT NULL AUTO_INCREMENT, AUTO_INCREMENT=1252;
--
-- AUTO_INCREMENT for table `role`
--
ALTER TABLE `role`
  MODIFY `id` int(11) NOT NULL AUTO_INCREMENT, AUTO_INCREMENT=3;
--
-- AUTO_INCREMENT for table `users`
--
ALTER TABLE `users`
  MODIFY `id` int(11) NOT NULL AUTO_INCREMENT, AUTO_INCREMENT=2;
/*!40101 SET CHARACTER_SET_CLIENT=@OLD_CHARACTER_SET_CLIENT */;
/*!40101 SET CHARACTER_SET_RESULTS=@OLD_CHARACTER_SET_RESULTS */;
/*!40101 SET COLLATION_CONNECTION=@OLD_COLLATION_CONNECTION */;
